{
  "version": "3.0.0",
  "timers": {
    "timer.test.metric.a": {
      "count": 1,
      "max": 0.071248589,
      "mean": 0.071248589,
      "min": 0.071248589,
      "p50": 0.071248589,
      "p75": 0.071248589,
      "p95": 0.071248589,
      "p98": 0.071248589,
      "p99": 0.071248589,
      "p999": 0.071248589,
      "stddev": 0.0,
      "m15_rate": 0.1934432200964012,
      "m1_rate": 0.12130613194252672,
      "m5_rate": 0.1809674836071919,
      "mean_rate": 0.025080315869895956,
      "duration_units": "seconds",
      "rate_units": "calls/second"
    }
  }
}